"failure_date","pdf_key"
"2026-03-08","pdf/pdfs-test-failures-09_alaskan_caver/38_alaskan_caver.pdf"
"2026-03-08","pdf/pdfs-test-failures-09_alaskan_caver/37_alaskan_caver.pdf"
"2026-03-08","pdf/pdfs-test-failures-09_alaskan_caver/27_alaskan_caver.pdf"
"2026-03-08","pdf/pdfs-test-failures-09_alaskan_caver/35_alaskan_caver.pdf"
"2026-03-08","pdf/pdfs-test-failures-09_alaskan_caver/38_alaskan_caver.pdf"
"2026-03-08","pdf/pdfs-test-failures-09_alaskan_caver/27_alaskan_caver.pdf"
"2026-03-08","pdf/pdfs-test-failures-09_alaskan_caver/38_alaskan_caver.pdf"
"2026-03-08","pdf/pdfs-test-failures-09_alaskan_caver/25_alaskan_caver.pdf"
"2026-03-08","pdf/pdfs-test-failures-09_alaskan_caver/31_alaskan_caver.pdf"
"2026-03-08","pdf/pdfs-test-failures-09_alaskan_caver/29_alaskan_caver.pdf"
"2026-03-08","pdf/pdfs-test-failures-09_alaskan_caver/79_alaskan_caver.pdf"
"2026-03-08","pdf/pdfs-test-failures-09_alaskan_caver/37_alaskan_caver.pdf"
"2026-03-08","pdf/pdfs-test-failures-09_alaskan_caver/79_alaskan_caver.pdf"
"2026-03-08","pdf/pdfs-test-failures-09_alaskan_caver/45_alaskan_caver.pdf"
"2026-03-08","pdf/pdfs-test-failures-09_alaskan_caver/27_alaskan_caver.pdf"
"2026-03-08","pdf/pdfs-test-failures-09_alaskan_caver/67_alaskan_caver.pdf"
"2026-03-08","pdf/pdfs-test-failures-09_alaskan_caver/32_alaskan_caver.pdf"
"2026-03-08","pdf/pdfs-test-failures-09_alaskan_caver/45_alaskan_caver.pdf"
"2026-03-08","pdf/pdfs-test-failures-09_alaskan_caver/32_alaskan_caver.pdf"
"2026-03-08","pdf/pdfs-test-failures-09_alaskan_caver/32_alaskan_caver.pdf"
"2026-03-08","pdf/pdfs-test-failures-09_alaskan_caver/37_alaskan_caver.pdf"
"2026-03-08","pdf/pdfs-test-failures-09_alaskan_caver/35_alaskan_caver.pdf"
"2026-03-08","pdf/pdfs-test-failures-09_alaskan_caver/37_alaskan_caver.pdf"
"2026-03-08","pdf/pdfs-test-failures-09_alaskan_caver/29_alaskan_caver.pdf"
"2026-03-08","pdf/pdfs-test-failures-09_alaskan_caver/35_alaskan_caver.pdf"
"2026-03-08","pdf/pdfs-test-failures-09_alaskan_caver/25_alaskan_caver.pdf"
"2026-03-08","pdf/pdfs-test-failures-09_alaskan_caver/29_alaskan_caver.pdf"
"2026-03-08","pdf/pdfs-test-failures-09_alaskan_caver/31_alaskan_caver.pdf"
"2026-03-08","pdf/pdfs-test-failures-09_alaskan_caver/79_alaskan_caver.pdf"
"2026-03-08","pdf/pdfs-test-failures-09_alaskan_caver/25_alaskan_caver.pdf"
"2026-03-08","pdf/pdfs-test-failures-09_alaskan_caver/38_alaskan_caver.pdf"
"2026-03-08","pdf/pdfs-test-failures-09_alaskan_caver/32_alaskan_caver.pdf"
"2026-03-08","pdf/pdfs-test-failures-09_alaskan_caver/31_alaskan_caver.pdf"
"2026-03-08","pdf/pdfs-test-failures-09_alaskan_caver/29_alaskan_caver.pdf"
"2026-03-08","pdf/pdfs-test-failures-09_alaskan_caver/39_alaskan_caver.pdf"
"2026-03-08","pdf/pdfs-test-failures-09_alaskan_caver/45_alaskan_caver.pdf"
"2026-03-08","pdf/pdfs-test-failures-09_alaskan_caver/35_alaskan_caver.pdf"
"2026-03-08","pdf/pdfs-test-failures-09_alaskan_caver/27_alaskan_caver.pdf"
"2026-03-08","pdf/pdfs-test-failures-09_alaskan_caver/31_alaskan_caver.pdf"
"2026-03-08","pdf/pdfs-test-failures-09_alaskan_caver/25_alaskan_caver.pdf"
"2026-03-08","pdf/pdfs-test-failures-09_alaskan_caver/79_alaskan_caver.pdf"
"2026-03-08","pdf/pdfs-test-failures-09_alaskan_caver/45_alaskan_caver.pdf"
